source,year,event,session,driver,lap_number,elapsed_s,speed_kmh,throttle,brake,rpm,gear,air_temp_c,track_temp_c,tyre_life,compound,stint,stint_length_laps,sample_level,estimated_via_twin,measurement_status
fastf1,2024,Las Vegas,R,RUS,1.0,0.22,213.0525,68.9275,0.165,10182.2975,6.0,18.549500000000002,18.2505,2.0,MEDIUM,,,macro_lap,True,public_f1_macro_context
fastf1,2024,Las Vegas,R,RUS,2.0,0.057,221.9740932642487,68.88082901554404,0.19948186528497408,10224.19689119171,6.0,18.55155440414508,18.24844559585492,3.0,MEDIUM,,,macro_lap,True,public_f1_macro_context
fastf1,2024,Las Vegas,R,RUS,3.0,0.1,221.0487804878049,68.44444444444444,0.1897018970189702,10378.224932249323,6.0,18.55257452574526,18.247425474254744,4.0,MEDIUM,,,macro_lap,True,public_f1_macro_context
fastf1,2024,Las Vegas,R,RUS,4.0,0.516,220.71916010498688,68.51443569553805,0.2020997375328084,10379.464566929133,6.0,18.55249343832021,18.247506561679792,5.0,MEDIUM,,,macro_lap,True,public_f1_macro_context
fastf1,2024,Las Vegas,R,RUS,5.0,0.049,222.5461956521739,69.83423913043478,0.1983695652173913,10278.220108695652,6.0,18.55271739130435,18.247282608695652,6.0,MEDIUM,,,macro_lap,True,public_f1_macro_context
fastf1,2024,Las Vegas,R,RUS,6.0,0.153,221.78016085790884,69.01876675603218,0.1903485254691689,10260.595174262735,6.0,18.552278820375335,18.247721179624666,7.0,MEDIUM,,,macro_lap,True,public_f1_macro_context
fastf1,2024,Las Vegas,R,RUS,7.0,0.183,223.78016085790884,71.08579088471849,0.16353887399463807,10311.386058981234,6.0,18.551742627345845,18.248257372654155,8.0,MEDIUM,,,macro_lap,True,public_f1_macro_context
fastf1,2024,Las Vegas,R,RUS,8.0,0.086,222.23955431754874,69.46796657381616,0.17827298050139276,10354.122562674094,6.0,18.55208913649025,18.24791086350975,9.0,MEDIUM,,,macro_lap,True,public_f1_macro_context
fastf1,2024,Las Vegas,R,RUS,9.0,0.293,224.4157894736842,69.88684210526316,0.17894736842105263,10289.684210526315,6.0,18.552894736842106,18.247105263157895,10.0,MEDIUM,,,macro_lap,True,public_f1_macro_context
fastf1,2024,Las Vegas,R,RUS,10.0,0.102,222.91576086956522,69.75271739130434,0.18478260869565216,10266.135869565218,6.0,18.55108695652174,18.24891304347826,11.0,MEDIUM,,,macro_lap,True,public_f1_macro_context
fastf1,2024,Las Vegas,R,RUS,11.0,0.102,224.4745308310992,69.44235924932975,0.16085790884718498,10294.05361930295,6.0,18.551206434316356,18.248793565683645,12.0,MEDIUM,,,macro_lap,True,public_f1_macro_context
fastf1,2024,Las Vegas,R,RUS,12.0,0.013,213.2241813602015,66.34760705289672,0.2141057934508816,10106.115869017633,6.0,18.548362720403023,18.251637279596977,13.0,MEDIUM,,,macro_lap,True,public_f1_macro_context
fastf1,2024,Las Vegas,R,RUS,13.0,0.171,189.18433179723502,63.223502304147466,0.16820276497695852,9741.89861751152,5.0,18.547695852534563,18.25921658986175,2.0,HARD,,,macro_lap,True,public_f1_macro_context
fastf1,2024,Las Vegas,R,RUS,14.0,0.137,221.96153846153845,68.27197802197803,0.16483516483516483,10272.255494505494,6.0,18.553021978021977,18.24697802197802,3.0,HARD,,,macro_lap,True,public_f1_macro_context
fastf1,2024,Las Vegas,R,RUS,15.0,0.122,227.71195652173913,69.77989130434783,0.17119565217391305,10360.910326086956,6.5,18.552445652173912,18.24755434782609,4.0,HARD,,,macro_lap,True,public_f1_macro_context
fastf1,2024,Las Vegas,R,RUS,16.0,0.071,225.01612903225808,69.16935483870968,0.1774193548387097,10313.279569892473,6.0,18.55215053763441,18.24784946236559,5.0,HARD,,,macro_lap,True,public_f1_macro_context
fastf1,2024,Las Vegas,R,RUS,17.0,0.119,227.98356164383563,70.86575342465754,0.14520547945205478,10382.860273972603,6.0,18.55232876712329,18.247671232876712,6.0,HARD,,,macro_lap,True,public_f1_macro_context
fastf1,2024,Las Vegas,R,RUS,18.0,0.05,227.34426229508196,70.50546448087432,0.16120218579234974,10342.928961748634,6.0,18.551639344262295,18.248360655737702,7.0,HARD,,,macro_lap,True,public_f1_macro_context
fastf1,2024,Las Vegas,R,RUS,19.0,0.166,227.44054054054055,68.75675675675676,0.1918918918918919,10333.783783783783,6.0,18.552162162162162,18.24783783783784,8.0,HARD,,,macro_lap,True,public_f1_macro_context
fastf1,2024,Las Vegas,R,RUS,20.0,0.084,225.96747967479675,69.58265582655827,0.17615176151761516,10331.68834688347,7.0,18.552845528455286,18.247154471544714,9.0,HARD,,,macro_lap,True,public_f1_macro_context
fastf1,2024,Las Vegas,R,RUS,21.0,0.23,226.12876712328767,69.52328767123288,0.1863013698630137,10335.969863013699,7.0,18.553424657534247,18.246575342465754,10.0,HARD,,,macro_lap,True,public_f1_macro_context
fastf1,2024,Las Vegas,R,RUS,22.0,0.072,227.25606469002696,70.33962264150944,0.1725067385444744,10277.382749326145,7.0,18.552560646900268,18.247439353099733,11.0,HARD,,,macro_lap,True,public_f1_macro_context
fastf1,2024,Las Vegas,R,RUS,23.0,0.156,227.50131926121372,69.81002638522428,0.17678100263852242,10223.62796833773,6.0,18.552770448548813,18.247229551451188,12.0,HARD,,,macro_lap,True,public_f1_macro_context
fastf1,2024,Las Vegas,R,RUS,24.0,0.027,227.93406593406593,70.20054945054945,0.17857142857142858,10311.958791208792,6.0,18.551923076923078,18.248076923076923,13.0,HARD,,,macro_lap,True,public_f1_macro_context
fastf1,2024,Las Vegas,R,RUS,25.0,0.251,226.27567567567567,69.22972972972973,0.17027027027027028,10237.745945945946,6.5,18.551891891891895,18.24810810810811,14.0,HARD,,,macro_lap,True,public_f1_macro_context
fastf1,2024,Las Vegas,R,RUS,26.0,0.168,224.4891304347826,68.5788043478261,0.1875,10216.540760869566,6.0,18.551358695652176,18.248641304347824,15.0,HARD,,,macro_lap,True,public_f1_macro_context
fastf1,2024,Las Vegas,R,RUS,27.0,0.26,227.44504021447722,70.51474530831099,0.1581769436997319,10273.28418230563,6.0,18.552278820375335,18.247721179624666,16.0,HARD,,,macro_lap,True,public_f1_macro_context
fastf1,2024,Las Vegas,R,RUS,28.0,0.052,224.8082191780822,69.64657534246575,0.16712328767123288,10335.060273972602,6.0,18.551506849315068,18.24849315068493,17.0,HARD,,,macro_lap,True,public_f1_macro_context
fastf1,2024,Las Vegas,R,RUS,29.0,0.036,226.93388429752065,69.13774104683196,0.18181818181818182,10238.330578512398,6.0,18.552892561983473,18.247107438016528,18.0,HARD,,,macro_lap,True,public_f1_macro_context
fastf1,2024,Las Vegas,R,RUS,30.0,0.441,227.6958904109589,70.53972602739726,0.16712328767123288,10238.35890410959,7.0,18.55123287671233,18.24876712328767,19.0,HARD,,,macro_lap,True,public_f1_macro_context
fastf1,2024,Las Vegas,R,RUS,31.0,0.937,223.1661971830986,67.64507042253521,0.18591549295774648,10256.329577464789,6.0,18.552957746478874,18.247042253521126,20.0,HARD,,,macro_lap,True,public_f1_macro_context
fastf1,2024,Las Vegas,R,RUS,32.0,0.217,216.3377308707124,65.64643799472296,0.21899736147757257,10155.366754617415,6.0,18.549868073878628,18.250131926121373,21.0,HARD,,,macro_lap,True,public_f1_macro_context
fastf1,2024,Las Vegas,R,RUS,33.0,0.267,197.40425531914894,65.61229314420804,0.17966903073286053,9890.205673758865,5.0,18.54586288416076,18.25933806146572,2.0,HARD,,,macro_lap,True,public_f1_macro_context
fastf1,2024,Las Vegas,R,RUS,34.0,0.324,228.10306406685237,69.86072423398329,0.16434540389972144,10250.100278551532,7.0,18.55125348189415,18.24874651810585,3.0,HARD,,,macro_lap,True,public_f1_macro_context
fastf1,2024,Las Vegas,R,RUS,35.0,0.144,227.8958904109589,69.44109589041096,0.18082191780821918,10240.972602739726,7.0,18.55260273972603,18.247397260273974,4.0,HARD,,,macro_lap,True,public_f1_macro_context
fastf1,2024,Las Vegas,R,RUS,36.0,0.738,227.8448275862069,70.72701149425288,0.14942528735632185,10387.905172413793,6.5,18.551724137931036,18.248275862068965,5.0,HARD,,,macro_lap,True,public_f1_macro_context
fastf1,2024,Las Vegas,R,RUS,37.0,0.038,230.04696132596686,71.34530386740332,0.1685082872928177,10360.99447513812,7.0,18.551381215469615,18.248618784530386,6.0,HARD,,,macro_lap,True,public_f1_macro_context
fastf1,2024,Las Vegas,R,RUS,38.0,0.075,229.50677506775068,70.82926829268293,0.17615176151761516,10369.295392953929,7.0,18.55257452574526,18.247425474254744,7.0,HARD,,,macro_lap,True,public_f1_macro_context
fastf1,2024,Las Vegas,R,RUS,39.0,0.267,230.0108991825613,70.64032697547684,0.17983651226158037,10314.959128065395,7.0,18.551226158038148,18.248773841961853,8.0,HARD,,,macro_lap,True,public_f1_macro_context
fastf1,2024,Las Vegas,R,RUS,40.0,0.233,231.0246575342466,71.33972602739726,0.16986301369863013,10322.808219178081,7.0,18.55260273972603,18.247397260273974,9.0,HARD,,,macro_lap,True,public_f1_macro_context
fastf1,2024,Las Vegas,R,RUS,41.0,0.155,227.73497267759564,69.90710382513662,0.19672131147540983,10319.915300546449,6.0,18.55327868852459,18.24672131147541,10.0,HARD,,,macro_lap,True,public_f1_macro_context
fastf1,2024,Las Vegas,R,RUS,42.0,0.036,233.8457300275482,74.00826446280992,0.1652892561983471,10378.02479338843,7.0,18.552341597796143,18.247658402203857,11.0,HARD,,,macro_lap,True,public_f1_macro_context
fastf1,2024,Las Vegas,R,RUS,43.0,0.213,232.7917808219178,72.63561643835617,0.16986301369863013,10331.649315068493,7.0,18.552876712328768,18.247123287671233,12.0,HARD,,,macro_lap,True,public_f1_macro_context
fastf1,2024,Las Vegas,R,RUS,44.0,0.062,228.97222222222223,72.21388888888889,0.18333333333333332,10318.927777777777,7.0,18.553055555555556,18.246944444444445,13.0,HARD,,,macro_lap,True,public_f1_macro_context
fastf1,2024,Las Vegas,R,RUS,45.0,0.076,229.50415512465375,72.10249307479225,0.16897506925207756,10385.03324099723,7.0,18.553185595567868,18.246814404432133,14.0,HARD,,,macro_lap,True,public_f1_macro_context
fastf1,2024,Las Vegas,R,RUS,46.0,0.18,228.25069637883007,70.45961002785515,0.19220055710306408,10329.532033426183,7.0,18.554317548746518,18.245682451253483,15.0,HARD,,,macro_lap,True,public_f1_macro_context
fastf1,2024,Las Vegas,R,RUS,47.0,0.103,227.14206128133705,69.5125348189415,0.20055710306406685,10318.515320334262,7.0,18.553203342618385,18.246796657381616,16.0,HARD,,,macro_lap,True,public_f1_macro_context
fastf1,2024,Las Vegas,R,RUS,48.0,0.304,228.4262295081967,69.88251366120218,0.16393442622950818,10324.489071038251,6.0,18.553551912568306,18.246448087431695,17.0,HARD,,,macro_lap,True,public_f1_macro_context
fastf1,2024,Las Vegas,R,RUS,49.0,0.0,226.6831955922865,68.36363636363636,0.1928374655647383,10354.724517906336,6.0,18.551239669421488,18.248760330578513,18.0,HARD,,,macro_lap,True,public_f1_macro_context
fastf1,2024,Las Vegas,R,RUS,50.0,0.077,226.18133333333333,67.21866666666666,0.192,10284.250666666667,6.0,18.551733333333335,18.248266666666666,19.0,HARD,,,macro_lap,True,public_f1_macro_context
fastf1,2024,Las Vegas,R,VER,1.0,0.22,207.53300733496332,62.0317848410758,0.2078239608801956,10124.80684596577,5.0,18.54841075794621,18.25158924205379,1.0,MEDIUM,,,macro_lap,True,public_f1_macro_context
fastf1,2024,Las Vegas,R,VER,2.0,0.046,221.37532133676092,62.275064267352185,0.2365038560411311,10194.398457583547,6.0,18.55167095115681,18.24832904884319,2.0,MEDIUM,,,macro_lap,True,public_f1_macro_context
fastf1,2024,Las Vegas,R,VER,3.0,0.226,221.40860215053763,62.34139784946237,0.20698924731182797,10186.666666666666,6.0,18.55215053763441,18.24784946236559,3.0,MEDIUM,,,macro_lap,True,public_f1_macro_context
fastf1,2024,Las Vegas,R,VER,4.0,0.282,222.88451443569554,64.14435695538057,0.1994750656167979,10234.175853018372,6.0,18.552230971128612,18.24776902887139,4.0,MEDIUM,,,macro_lap,True,public_f1_macro_context
fastf1,2024,Las Vegas,R,VER,5.0,0.129,225.34688346883468,65.82926829268293,0.20596205962059622,10243.680216802168,6.0,18.55230352303523,18.24769647696477,5.0,MEDIUM,,,macro_lap,True,public_f1_macro_context
fastf1,2024,Las Vegas,R,VER,6.0,0.137,223.38069705093835,63.93029490616622,0.18498659517426275,10134.648793565684,6.0,18.55201072386059,18.24798927613941,6.0,MEDIUM,,,macro_lap,True,public_f1_macro_context
fastf1,2024,Las Vegas,R,VER,7.0,0.157,222.11229946524065,64.33422459893048,0.1925133689839572,10126.914438502674,6.0,18.552139037433154,18.247860962566843,7.0,MEDIUM,,,macro_lap,True,public_f1_macro_context
fastf1,2024,Las Vegas,R,VER,8.0,0.211,224.58356164383562,64.67945205479452,0.20273972602739726,10271.183561643835,6.0,18.551506849315068,18.24849315068493,8.0,MEDIUM,,,macro_lap,True,public_f1_macro_context
fastf1,2024,Las Vegas,R,VER,9.0,0.364,219.14397905759162,63.90575916230367,0.19633507853403143,10104.842931937173,6.0,18.551570680628274,18.248429319371727,9.0,MEDIUM,,,macro_lap,True,public_f1_macro_context
fastf1,2024,Las Vegas,R,VER,10.0,0.174,219.8475935828877,63.83422459893048,0.20588235294117646,10211.997326203209,6.0,18.550267379679145,18.249732620320856,10.0,MEDIUM,,,macro_lap,True,public_f1_macro_context
fastf1,2024,Las Vegas,R,VER,11.0,0.03,211.2423469387755,61.45918367346939,0.22448979591836735,10050.926020408164,5.0,18.548214285714288,18.251785714285713,11.0,MEDIUM,,,macro_lap,True,public_f1_macro_context
fastf1,2024,Las Vegas,R,VER,12.0,0.2,191.5191011235955,60.81797752808989,0.2292134831460674,9668.505617977527,4.0,18.546516853932587,18.260224719101124,1.0,HARD,,,macro_lap,True,public_f1_macro_context
fastf1,2024,Las Vegas,R,VER,13.0,0.062,223.013698630137,65.48219178082192,0.17534246575342466,10184.087671232877,6.0,18.553424657534247,18.246575342465754,2.0,HARD,,,macro_lap,True,public_f1_macro_context
fastf1,2024,Las Vegas,R,VER,14.0,0.155,224.32425068119892,64.2425068119891,0.18528610354223432,10198.043596730246,6.0,18.55340599455041,18.24659400544959,3.0,HARD,,,macro_lap,True,public_f1_macro_context
fastf1,2024,Las Vegas,R,VER,15.0,0.099,221.4471544715447,63.5609756097561,0.2032520325203252,10180.764227642276,6.0,18.55230352303523,18.24769647696477,4.0,HARD,,,macro_lap,True,public_f1_macro_context
fastf1,2024,Las Vegas,R,VER,16.0,0.052,222.77866666666668,64.78666666666666,0.18133333333333335,10174.885333333334,6.0,18.552,18.248,5.0,HARD,,,macro_lap,True,public_f1_macro_context
fastf1,2024,Las Vegas,R,VER,17.0,0.129,225.39566395663957,66.76964769647697,0.17615176151761516,10227.59349593496,6.0,18.551761517615176,18.248238482384824,6.0,HARD,,,macro_lap,True,public_f1_macro_context
fastf1,2024,Las Vegas,R,VER,18.0,0.115,225.7356948228883,67.32152588555859,0.1880108991825613,10233.149863760218,6.0,18.551226158038148,18.248773841961853,7.0,HARD,,,macro_lap,True,public_f1_macro_context
fastf1,2024,Las Vegas,R,VER,19.0,0.239,225.80716253443526,66.87603305785125,0.18457300275482094,10277.157024793389,6.0,18.551239669421488,18.248760330578513,8.0,HARD,,,macro_lap,True,public_f1_macro_context
fastf1,2024,Las Vegas,R,VER,20.0,0.161,224.6810810810811,65.8027027027027,0.1891891891891892,10193.175675675675,6.0,18.552702702702703,18.247297297297298,9.0,HARD,,,macro_lap,True,public_f1_macro_context
fastf1,2024,Las Vegas,R,VER,21.0,0.076,226.85945945945946,67.12432432432432,0.1864864864864865,10221.81081081081,6.0,18.552972972972974,18.247027027027027,10.0,HARD,,,macro_lap,True,public_f1_macro_context
fastf1,2024,Las Vegas,R,VER,22.0,0.006,226.54891304347825,66.69836956521739,0.1875,10223.214673913044,6.0,18.552445652173912,18.24755434782609,11.0,HARD,,,macro_lap,True,public_f1_macro_context
fastf1,2024,Las Vegas,R,VER,23.0,0.168,225.42440318302388,67.08222811671088,0.17506631299734748,10201.440318302388,6.0,18.553846153846155,18.246153846153845,12.0,HARD,,,macro_lap,True,public_f1_macro_context
fastf1,2024,Las Vegas,R,VER,24.0,0.083,228.26575342465753,68.23013698630137,0.1726027397260274,10293.74794520548,6.0,18.55232876712329,18.247671232876712,13.0,HARD,,,macro_lap,True,public_f1_macro_context
fastf1,2024,Las Vegas,R,VER,25.0,0.069,226.7828418230563,65.96782841823057,0.17962466487935658,10200.528150134049,6.0,18.551206434316356,18.248793565683645,14.0,HARD,,,macro_lap,True,public_f1_macro_context
fastf1,2024,Las Vegas,R,VER,26.0,0.231,224.25271739130434,65.21739130434783,0.18478260869565216,10215.869565217392,6.0,18.551902173913046,18.24809782608696,15.0,HARD,,,macro_lap,True,public_f1_macro_context
fastf1,2024,Las Vegas,R,VER,27.0,0.19,215.6590909090909,61.148989898989896,0.22474747474747475,10072.81313131313,6.0,18.550252525252528,18.249747474747473,16.0,HARD,,,macro_lap,True,public_f1_macro_context
fastf1,2024,Las Vegas,R,VER,28.0,0.082,189.2429906542056,59.58644859813084,0.1985981308411215,9563.296728971962,5.0,18.54696261682243,18.259579439252338,1.0,HARD,,,macro_lap,True,public_f1_macro_context
fastf1,2024,Las Vegas,R,VER,29.0,0.176,226.3816155988858,65.5292479108635,0.18384401114206128,10205.389972144847,6.0,18.55348189415042,18.24651810584958,2.0,HARD,,,macro_lap,True,public_f1_macro_context
fastf1,2024,Las Vegas,R,VER,30.0,0.111,225.92857142857142,64.35989010989012,0.20054945054945056,10189.763736263736,6.0,18.553571428571427,18.24642857142857,3.0,HARD,,,macro_lap,True,public_f1_macro_context
fastf1,2024,Las Vegas,R,VER,31.0,0.162,227.65373961218836,64.36842105263158,0.19667590027700832,10184.775623268699,6.0,18.552077562326872,18.24792243767313,4.0,HARD,,,macro_lap,True,public_f1_macro_context
fastf1,2024,Las Vegas,R,VER,32.0,0.087,226.42977528089887,65.2247191011236,0.1853932584269663,10196.129213483146,6.0,18.551685393258428,18.248314606741573,5.0,HARD,,,macro_lap,True,public_f1_macro_context
fastf1,2024,Las Vegas,R,VER,33.0,0.333,226.15447154471545,65.21680216802169,0.17886178861788618,10181.205962059621,6.0,18.551219512195125,18.24878048780488,6.0,HARD,,,macro_lap,True,public_f1_macro_context
fastf1,2024,Las Vegas,R,VER,34.0,0.074,224.15384615384616,64.58241758241758,0.19505494505494506,10159.37912087912,6.0,18.55054945054945,18.24945054945055,7.0,HARD,,,macro_lap,True,public_f1_macro_context
fastf1,2024,Las Vegas,R,VER,35.0,0.27,226.97191011235955,65.62921348314607,0.19382022471910113,10165.856741573034,6.0,18.552247191011237,18.247752808988764,8.0,HARD,,,macro_lap,True,public_f1_macro_context
fastf1,2024,Las Vegas,R,VER,36.0,0.148,229.86857142857144,66.08571428571429,0.18,10247.545714285714,6.0,18.55142857142857,18.248571428571427,9.0,HARD,,,macro_lap,True,public_f1_macro_context
fastf1,2024,Las Vegas,R,VER,37.0,0.347,228.8125,66.40760869565217,0.18478260869565216,10275.334239130434,6.0,18.550815217391303,18.249184782608694,10.0,HARD,,,macro_lap,True,public_f1_macro_context
fastf1,2024,Las Vegas,R,VER,38.0,0.147,228.51226158038148,66.85013623978202,0.17983651226158037,10250.90463215259,6.0,18.55258855585831,18.24741144414169,11.0,HARD,,,macro_lap,True,public_f1_macro_context
fastf1,2024,Las Vegas,R,VER,39.0,0.248,231.17534246575343,67.96438356164384,0.1863013698630137,10282.164383561643,6.0,18.55232876712329,18.247671232876712,12.0,HARD,,,macro_lap,True,public_f1_macro_context
fastf1,2024,Las Vegas,R,VER,40.0,0.225,227.09809264305176,67.3841961852861,0.17438692098092642,10214.626702997275,6.0,18.552861035422346,18.247138964577655,13.0,HARD,,,macro_lap,True,public_f1_macro_context
fastf1,2024,Las Vegas,R,VER,41.0,0.171,224.05464480874318,65.71311475409836,0.19398907103825136,10121.560109289618,6.0,18.55409836065574,18.24590163934426,14.0,HARD,,,macro_lap,True,public_f1_macro_context
fastf1,2024,Las Vegas,R,VER,42.0,0.008,228.75271739130434,66.8288043478261,0.1983695652173913,10295.021739130434,6.0,18.55298913043478,18.247010869565216,15.0,HARD,,,macro_lap,True,public_f1_macro_context
fastf1,2024,Las Vegas,R,VER,43.0,0.0,228.64945652173913,65.5625,0.20652173913043478,10222.83152173913,6.0,18.55108695652174,18.24891304347826,16.0,HARD,,,macro_lap,True,public_f1_macro_context
fastf1,2024,Las Vegas,R,VER,44.0,0.153,230.63483146067415,67.88764044943821,0.19382022471910113,10328.191011235955,6.0,18.55252808988764,18.24747191011236,17.0,HARD,,,macro_lap,True,public_f1_macro_context
fastf1,2024,Las Vegas,R,VER,45.0,0.313,230.44204851752022,67.42048517520216,0.1967654986522911,10340.487870619947,6.0,18.55309973045822,18.24690026954178,18.0,HARD,,,macro_lap,True,public_f1_macro_context
fastf1,2024,Las Vegas,R,VER,46.0,0.16,228.75774647887323,67.97746478873239,0.18309859154929578,10270.095774647887,6.0,18.553521126760565,18.246478873239436,19.0,HARD,,,macro_lap,True,public_f1_macro_context
fastf1,2024,Las Vegas,R,VER,47.0,0.351,225.30601092896174,66.04918032786885,0.19672131147540983,10208.453551912567,6.0,18.55273224043716,18.247267759562842,20.0,HARD,,,macro_lap,True,public_f1_macro_context
fastf1,2024,Las Vegas,R,VER,48.0,0.055,227.8388888888889,64.425,0.20277777777777778,10193.136111111111,6.0,18.552777777777777,18.247222222222224,21.0,HARD,,,macro_lap,True,public_f1_macro_context
fastf1,2024,Las Vegas,R,VER,49.0,0.014,224.14673913043478,65.3125,0.20380434782608695,10150.39402173913,6.0,18.55163043478261,18.24836956521739,22.0,HARD,,,macro_lap,True,public_f1_macro_context
fastf1,2024,Las Vegas,R,VER,50.0,0.318,228.98382749326146,66.38005390835579,0.19946091644204852,10232.587601078167,6.0,18.551212938005392,18.24878706199461,23.0,HARD,,,macro_lap,True,public_f1_macro_context
fastf1,2024,Monza,R,LEC,1.0,0.0,221.42899408284023,72.9585798816568,0.1893491124260355,10467.784023668639,6.0,33.2,52.099999999999994,1.0,MEDIUM,,,macro_lap,True,public_f1_macro_context
fastf1,2024,Monza,R,LEC,2.0,0.004,240.67173252279636,75.86322188449849,0.1945288753799392,10668.133738601824,6.0,33.2,52.1,2.0,MEDIUM,,,macro_lap,True,public_f1_macro_context
fastf1,2024,Monza,R,LEC,3.0,0.088,242.1246105919003,75.72585669781931,0.1588785046728972,10750.672897196262,6.0,33.2,52.10000000000001,3.0,MEDIUM,,,macro_lap,True,public_f1_macro_context
fastf1,2024,Monza,R,LEC,4.0,0.11,243.94637223974763,74.84858044164038,0.17981072555205047,10738.558359621451,6.0,33.2,52.1,4.0,MEDIUM,,,macro_lap,True,public_f1_macro_context
fastf1,2024,Monza,R,LEC,5.0,0.099,245.43730886850153,75.69113149847095,0.1712538226299694,10788.844036697248,7.0,33.2,52.1,5.0,MEDIUM,,,macro_lap,True,public_f1_macro_context
fastf1,2024,Monza,R,LEC,6.0,0.096,244.84709480122325,76.01529051987768,0.1559633027522936,10807.97247706422,6.0,33.2,52.1,6.0,MEDIUM,,,macro_lap,True,public_f1_macro_context
fastf1,2024,Monza,R,LEC,7.0,0.074,245.16666666666666,78.2516339869281,0.14705882352941177,10810.95751633987,6.0,33.2,52.1,7.0,MEDIUM,,,macro_lap,True,public_f1_macro_context
fastf1,2024,Monza,R,LEC,8.0,0.12,245.07371794871796,77.35576923076923,0.15064102564102563,10777.778846153846,7.0,33.2,52.1,8.0,MEDIUM,,,macro_lap,True,public_f1_macro_context
fastf1,2024,Monza,R,LEC,9.0,0.152,243.06687898089172,76.0031847133758,0.16878980891719744,10768.429936305733,6.0,33.2,52.1,9.0,MEDIUM,,,macro_lap,True,public_f1_macro_context
fastf1,2024,Monza,R,LEC,10.0,0.07,246.32919254658384,75.59627329192547,0.16770186335403728,10875.568322981366,7.0,33.2,52.1,10.0,MEDIUM,,,macro_lap,True,public_f1_macro_context
fastf1,2024,Monza,R,LEC,11.0,0.079,247.50920245398774,78.24846625766871,0.1656441717791411,10779.990797546012,7.0,33.2,52.10000000000001,11.0,MEDIUM,,,macro_lap,True,public_f1_macro_context
fastf1,2024,Monza,R,LEC,12.0,0.152,242.46835443037975,77.66772151898734,0.16139240506329114,10732.240506329113,6.0,33.2,52.10000000000001,12.0,MEDIUM,,,macro_lap,True,public_f1_macro_context
fastf1,2024,Monza,R,LEC,13.0,0.076,241.759375,78.165625,0.15,10658.828125,6.0,33.2,52.1,13.0,MEDIUM,,,macro_lap,True,public_f1_macro_context
fastf1,2024,Monza,R,LEC,14.0,0.308,239.7723076923077,78.04923076923077,0.1476923076923077,10646.772307692308,6.0,33.2,52.1,14.0,MEDIUM,,,macro_lap,True,public_f1_macro_context
fastf1,2024,Monza,R,LEC,15.0,0.022,229.58771929824562,75.02631578947368,0.1871345029239766,10422.438596491229,6.0,33.2,52.1,15.0,MEDIUM,,,macro_lap,True,public_f1_macro_context
fastf1,2024,Monza,R,LEC,16.0,0.07,197.8117048346056,70.13486005089058,0.19592875318066158,9871.312977099236,5.0,33.2,52.1,1.0,HARD,,,macro_lap,True,public_f1_macro_context
fastf1,2024,Monza,R,LEC,17.0,0.143,248.30283911671924,77.45110410094637,0.19242902208201892,10759.094637223974,7.0,33.2,52.1,2.0,HARD,,,macro_lap,True,public_f1_macro_context
fastf1,2024,Monza,R,LEC,18.0,0.193,248.06578947368422,76.44407894736842,0.17105263157894737,10717.940789473685,7.0,33.2,52.1,3.0,HARD,,,macro_lap,True,public_f1_macro_context
fastf1,2024,Monza,R,LEC,19.0,0.039,248.98397435897436,77.50961538461539,0.15384615384615385,10775.846153846154,6.5,33.2,52.1,4.0,HARD,,,macro_lap,True,public_f1_macro_context
fastf1,2024,Monza,R,LEC,20.0,0.155,246.23225806451612,76.56451612903226,0.18064516129032257,10718.322580645161,7.0,33.2,52.1,5.0,HARD,,,macro_lap,True,public_f1_macro_context
fastf1,2024,Monza,R,LEC,21.0,0.13,247.5440251572327,76.95283018867924,0.1761006289308176,10781.594339622641,7.0,33.2,52.099999999999994,6.0,HARD,,,macro_lap,True,public_f1_macro_context
fastf1,2024,Monza,R,LEC,22.0,0.09,247.56026058631923,77.70684039087948,0.1563517915309446,10764.306188925082,7.0,33.2,52.1,7.0,HARD,,,macro_lap,True,public_f1_macro_context
fastf1,2024,Monza,R,LEC,23.0,0.243,247.15457413249212,78.15772870662461,0.1608832807570978,10758.993690851736,7.0,33.2,52.1,8.0,HARD,,,macro_lap,True,public_f1_macro_context
fastf1,2024,Monza,R,LEC,24.0,0.018,247.15705128205127,77.70192307692308,0.16025641025641027,10763.439102564103,7.0,33.2,52.1,9.0,HARD,,,macro_lap,True,public_f1_macro_context
fastf1,2024,Monza,R,LEC,25.0,0.099,248.7602523659306,78.51419558359622,0.15141955835962145,10765.195583596214,7.0,33.2,52.1,10.0,HARD,,,macro_lap,True,public_f1_macro_context
fastf1,2024,Monza,R,LEC,26.0,0.03,249.1079365079365,80.35873015873015,0.13333333333333333,10789.44761904762,7.0,33.2,52.1,11.0,HARD,,,macro_lap,True,public_f1_macro_context
fastf1,2024,Monza,R,LEC,27.0,0.148,250.67731629392972,79.42492012779553,0.13738019169329074,10758.495207667731,7.0,33.2,52.1,12.0,HARD,,,macro_lap,True,public_f1_macro_context
fastf1,2024,Monza,R,LEC,28.0,0.015,246.25465838509317,78.84782608695652,0.14596273291925466,10742.400621118013,7.0,33.2,52.1,13.0,HARD,,,macro_lap,True,public_f1_macro_context
fastf1,2024,Monza,R,LEC,29.0,0.091,250.99358974358975,79.75641025641026,0.14102564102564102,10810.727564102564,7.0,33.2,52.1,14.0,HARD,,,macro_lap,True,public_f1_macro_context
fastf1,2024,Monza,R,LEC,30.0,0.303,246.9158878504673,78.51713395638629,0.14330218068535824,10758.352024922118,7.0,33.2,52.10000000000001,15.0,HARD,,,macro_lap,True,public_f1_macro_context
fastf1,2024,Monza,R,LEC,31.0,0.104,243.88958990536278,76.39432176656152,0.1640378548895899,10747.173501577287,7.0,33.2,52.1,16.0,HARD,,,macro_lap,True,public_f1_macro_context
fastf1,2024,Monza,R,LEC,32.0,0.132,244.94533762057878,77.17684887459806,0.15434083601286175,10743.717041800643,6.0,33.2,52.1,17.0,HARD,,,macro_lap,True,public_f1_macro_context
fastf1,2024,Monza,R,LEC,33.0,0.099,250.72131147540983,79.84918032786885,0.14754098360655737,10758.393442622952,7.0,33.2,52.1,18.0,HARD,,,macro_lap,True,public_f1_macro_context
fastf1,2024,Monza,R,LEC,34.0,0.073,248.6822429906542,80.01557632398755,0.13707165109034267,10785.193146417445,7.0,33.2,52.10000000000001,19.0,HARD,,,macro_lap,True,public_f1_macro_context
fastf1,2024,Monza,R,LEC,35.0,0.083,248.84193548387097,78.70967741935483,0.14838709677419354,10755.522580645162,7.0,33.2,52.1,20.0,HARD,,,macro_lap,True,public_f1_macro_context
fastf1,2024,Monza,R,LEC,36.0,0.163,248.39184952978056,78.23824451410658,0.1536050156739812,10734.940438871474,7.0,33.2,52.1,21.0,HARD,,,macro_lap,True,public_f1_macro_context
fastf1,2024,Monza,R,LEC,37.0,0.208,248.92282958199357,78.2443729903537,0.14790996784565916,10762.118971061092,7.0,33.2,52.1,22.0,HARD,,,macro_lap,True,public_f1_macro_context
fastf1,2024,Monza,R,LEC,38.0,0.139,249.22044728434506,78.26837060702876,0.15335463258785942,10759.64856230032,7.0,33.2,52.1,23.0,HARD,,,macro_lap,True,public_f1_macro_context
fastf1,2024,Monza,R,LEC,39.0,0.235,245.96845425867508,78.6813880126183,0.14195583596214512,10733.410094637224,7.0,33.2,52.1,24.0,HARD,,,macro_lap,True,public_f1_macro_context
fastf1,2024,Monza,R,LEC,40.0,0.078,246.553125,78.315625,0.146875,10703.45,7.0,33.2,52.1,25.0,HARD,,,macro_lap,True,public_f1_macro_context
fastf1,2024,Monza,R,LEC,41.0,0.068,248.19063545150502,79.47826086956522,0.13712374581939799,10715.909698996655,7.0,33.2,52.1,26.0,HARD,,,macro_lap,True,public_f1_macro_context
fastf1,2024,Monza,R,LEC,42.0,0.057,249.8975155279503,78.74223602484471,0.15838509316770186,10743.701863354037,7.0,33.2,52.1,27.0,HARD,,,macro_lap,True,public_f1_macro_context
fastf1,2024,Monza,R,LEC,43.0,0.228,247.23101265822785,77.22151898734177,0.14873417721518986,10689.917721518987,7.0,33.2,52.10000000000001,28.0,HARD,,,macro_lap,True,public_f1_macro_context
fastf1,2024,Monza,R,LEC,44.0,0.0,249.36012861736336,79.61414790996784,0.1382636655948553,10726.228295819936,7.0,33.2,52.1,29.0,HARD,,,macro_lap,True,public_f1_macro_context
fastf1,2024,Monza,R,LEC,45.0,0.211,246.85714285714286,79.65714285714286,0.1365079365079365,10700.438095238096,7.0,33.2,52.1,30.0,HARD,,,macro_lap,True,public_f1_macro_context
fastf1,2024,Monza,R,LEC,46.0,0.12,249.13486842105263,80.80263157894737,0.13815789473684212,10712.993421052632,7.0,33.2,52.1,31.0,HARD,,,macro_lap,True,public_f1_macro_context
fastf1,2024,Monza,R,LEC,47.0,0.204,246.7864077669903,77.47572815533981,0.1488673139158576,10667.326860841424,7.0,33.2,52.1,32.0,HARD,,,macro_lap,True,public_f1_macro_context
fastf1,2024,Monza,R,LEC,48.0,0.008,248.86173633440515,79.2379421221865,0.1414790996784566,10752.942122186496,7.0,33.2,52.1,33.0,HARD,,,macro_lap,True,public_f1_macro_context
fastf1,2024,Monza,R,LEC,49.0,0.13,249.0873786407767,78.75404530744336,0.1488673139158576,10750.443365695794,7.0,33.2,52.1,34.0,HARD,,,macro_lap,True,public_f1_macro_context
fastf1,2024,Monza,R,LEC,50.0,0.144,249.0814332247557,79.14332247557003,0.14332247557003258,10746.628664495114,7.0,33.2,52.1,35.0,HARD,,,macro_lap,True,public_f1_macro_context
fastf1,2024,Monza,R,LEC,51.0,0.082,249.6290322580645,79.9,0.14838709677419354,10768.122580645162,7.0,33.2,52.1,36.0,HARD,,,macro_lap,True,public_f1_macro_context
fastf1,2024,Monza,R,LEC,52.0,0.088,247.40952380952382,78.22539682539683,0.14603174603174604,10737.514285714286,7.0,33.2,52.1,37.0,HARD,,,macro_lap,True,public_f1_macro_context
fastf1,2024,Monza,R,LEC,53.0,0.139,248.14376996805112,78.370607028754,0.15335463258785942,10738.015974440894,7.0,33.2,52.1,38.0,HARD,,,macro_lap,True,public_f1_macro_context
fastf1,2024,Monza,R,PIA,1.0,0.0,223.8720238095238,73.10714285714286,0.12797619047619047,10307.324404761905,6.0,33.2,52.10000000000001,1.0,MEDIUM,,,macro_lap,True,public_f1_macro_context
fastf1,2024,Monza,R,PIA,2.0,0.08,241.8719512195122,73.73780487804878,0.14634146341463414,10523.204268292682,7.0,33.2,52.099999999999994,2.0,MEDIUM,,,macro_lap,True,public_f1_macro_context
fastf1,2024,Monza,R,PIA,3.0,0.124,243.0,75.56521739130434,0.12422360248447205,10541.431677018634,7.0,33.2,52.1,3.0,MEDIUM,,,macro_lap,True,public_f1_macro_context
fastf1,2024,Monza,R,PIA,4.0,0.103,243.88535031847132,74.4968152866242,0.1337579617834395,10506.025477707006,7.0,33.2,52.1,4.0,MEDIUM,,,macro_lap,True,public_f1_macro_context
fastf1,2024,Monza,R,PIA,5.0,0.008,245.52887537993922,75.19148936170212,0.12158054711246201,10506.310030395136,7.0,33.2,52.1,5.0,MEDIUM,,,macro_lap,True,public_f1_macro_context
fastf1,2024,Monza,R,PIA,6.0,0.149,245.24770642201835,76.25993883792049,0.13149847094801223,10499.954128440368,7.0,33.2,52.1,6.0,MEDIUM,,,macro_lap,True,public_f1_macro_context
fastf1,2024,Monza,R,PIA,7.0,0.146,246.21241830065358,76.15032679738562,0.12745098039215685,10518.084967320261,7.0,33.2,52.1,7.0,MEDIUM,,,macro_lap,True,public_f1_macro_context
fastf1,2024,Monza,R,PIA,8.0,0.128,245.14743589743588,75.7948717948718,0.13141025641025642,10498.647435897436,7.0,33.2,52.1,8.0,MEDIUM,,,macro_lap,True,public_f1_macro_context
fastf1,2024,Monza,R,PIA,9.0,0.119,242.89808917197453,74.04140127388536,0.12738853503184713,10465.831210191083,7.0,33.2,52.1,9.0,MEDIUM,,,macro_lap,True,public_f1_macro_context
fastf1,2024,Monza,R,PIA,10.0,0.264,246.46875,75.76875,0.140625,10569.503125,7.0,33.2,52.1,10.0,MEDIUM,,,macro_lap,True,public_f1_macro_context
fastf1,2024,Monza,R,PIA,11.0,0.067,247.24382716049382,74.52777777777777,0.13580246913580246,10526.401234567902,7.0,33.2,52.1,11.0,MEDIUM,,,macro_lap,True,public_f1_macro_context
fastf1,2024,Monza,R,PIA,12.0,0.14,243.91455696202533,76.4493670886076,0.10759493670886076,10485.167721518987,7.0,33.2,52.10000000000001,12.0,MEDIUM,,,macro_lap,True,public_f1_macro_context
fastf1,2024,Monza,R,PIA,13.0,0.233,244.01892744479494,74.63091482649843,0.12933753943217666,10494.429022082018,7.0,33.2,52.1,13.0,MEDIUM,,,macro_lap,True,public_f1_macro_context
fastf1,2024,Monza,R,PIA,14.0,0.043,243.19384615384615,75.9076923076923,0.12923076923076923,10492.36923076923,7.0,33.2,52.1,14.0,MEDIUM,,,macro_lap,True,public_f1_macro_context
fastf1,2024,Monza,R,PIA,15.0,0.075,244.4796238244514,75.22884012539186,0.13166144200626959,10483.940438871474,7.0,33.2,52.1,15.0,MEDIUM,,,macro_lap,True,public_f1_macro_context
fastf1,2024,Monza,R,PIA,16.0,0.03,230.28571428571428,70.07738095238095,0.17559523809523808,10238.57142857143,6.0,33.2,52.10000000000001,16.0,MEDIUM,,,macro_lap,True,public_f1_macro_context
fastf1,2024,Monza,R,PIA,17.0,0.211,198.84263959390864,64.5,0.1649746192893401,9785.624365482234,5.0,33.2,52.1,1.0,HARD,,,macro_lap,True,public_f1_macro_context
fastf1,2024,Monza,R,PIA,18.0,0.081,248.74671052631578,74.64144736842105,0.13157894736842105,10525.463815789473,7.0,33.2,52.1,2.0,HARD,,,macro_lap,True,public_f1_macro_context
fastf1,2024,Monza,R,PIA,19.0,0.093,246.7015873015873,72.91428571428571,0.12380952380952381,10489.050793650793,7.0,33.2,52.1,3.0,HARD,,,macro_lap,True,public_f1_macro_context
fastf1,2024,Monza,R,PIA,20.0,0.012,247.14469453376205,74.86173633440515,0.1189710610932476,10521.51768488746,7.0,33.2,52.1,4.0,HARD,,,macro_lap,True,public_f1_macro_context
fastf1,2024,Monza,R,PIA,21.0,0.306,246.14240506329114,74.46518987341773,0.12341772151898735,10529.696202531646,7.0,33.2,52.10000000000001,5.0,HARD,,,macro_lap,True,public_f1_macro_context
fastf1,2024,Monza,R,PIA,22.0,0.044,247.51132686084142,75.41747572815534,0.12297734627831715,10539.045307443366,7.0,33.2,52.1,6.0,HARD,,,macro_lap,True,public_f1_macro_context
fastf1,2024,Monza,R,PIA,23.0,0.116,247.89905362776025,74.03785488958991,0.14511041009463724,10542.700315457414,7.0,33.2,52.1,7.0,HARD,,,macro_lap,True,public_f1_macro_context
fastf1,2024,Monza,R,PIA,24.0,0.297,249.83171521035598,76.28478964401295,0.1262135922330097,10580.064724919093,7.0,33.2,52.1,8.0,HARD,,,macro_lap,True,public_f1_macro_context
fastf1,2024,Monza,R,PIA,25.0,0.263,248.41009463722398,75.1608832807571,0.12933753943217666,10592.201892744479,7.0,33.2,52.1,9.0,HARD,,,macro_lap,True,public_f1_macro_context
fastf1,2024,Monza,R,PIA,26.0,0.272,250.65594855305466,76.46623794212219,0.12861736334405144,10635.038585209004,7.0,33.2,52.1,10.0,HARD,,,macro_lap,True,public_f1_macro_context
fastf1,2024,Monza,R,PIA,27.0,0.06,248.1698717948718,73.94871794871794,0.13141025641025642,10549.201923076924,7.0,33.2,52.1,11.0,HARD,,,macro_lap,True,public_f1_macro_context
fastf1,2024,Monza,R,PIA,28.0,0.053,250.453125,77.20625,0.115625,10621.875,7.0,33.2,52.1,12.0,HARD,,,macro_lap,True,public_f1_macro_context
fastf1,2024,Monza,R,PIA,29.0,0.004,251.0891719745223,76.51273885350318,0.1178343949044586,10562.557324840764,7.0,33.2,52.1,13.0,HARD,,,macro_lap,True,public_f1_macro_context
fastf1,2024,Monza,R,PIA,30.0,0.139,249.97476340694007,80.76340694006309,0.11987381703470032,10601.41640378549,7.0,33.2,52.1,14.0,HARD,,,macro_lap,True,public_f1_macro_context
fastf1,2024,Monza,R,PIA,31.0,0.21,250.06289308176102,74.99685534591195,0.1289308176100629,10581.031446540881,7.0,33.2,52.099999999999994,15.0,HARD,,,macro_lap,True,public_f1_macro_context
fastf1,2024,Monza,R,PIA,32.0,0.07,248.49354838709678,74.38064516129032,0.12903225806451613,10595.35806451613,7.0,33.2,52.1,16.0,HARD,,,macro_lap,True,public_f1_macro_context
fastf1,2024,Monza,R,PIA,33.0,0.031,246.8954248366013,74.37581699346406,0.12418300653594772,10556.761437908497,7.0,33.2,52.1,17.0,HARD,,,macro_lap,True,public_f1_macro_context
fastf1,2024,Monza,R,PIA,34.0,0.082,248.51875,75.365625,0.134375,10584.928125,7.0,33.2,52.1,18.0,HARD,,,macro_lap,True,public_f1_macro_context
fastf1,2024,Monza,R,PIA,35.0,0.027,247.93485342019545,74.0456026058632,0.13355048859934854,10592.970684039088,7.0,33.2,52.1,19.0,HARD,,,macro_lap,True,public_f1_macro_context
fastf1,2024,Monza,R,PIA,36.0,0.139,245.95962732919256,73.24223602484471,0.13664596273291926,10605.729813664597,7.0,33.2,52.1,20.0,HARD,,,macro_lap,True,public_f1_macro_context
fastf1,2024,Monza,R,PIA,37.0,0.393,247.10645161290321,74.00967741935484,0.13548387096774195,10605.696774193548,7.0,33.2,52.1,21.0,HARD,,,macro_lap,True,public_f1_macro_context
fastf1,2024,Monza,R,PIA,38.0,0.022,235.4121212121212,71.51818181818182,0.1484848484848485,10377.406060606061,6.0,33.2,52.1,22.0,HARD,,,macro_lap,True,public_f1_macro_context
fastf1,2024,Monza,R,PIA,39.0,0.138,199.0737913486005,66.54198473282443,0.16793893129770993,9822.79389312977,5.0,33.2,52.1,1.0,HARD,,,macro_lap,True,public_f1_macro_context
fastf1,2024,Monza,R,PIA,40.0,0.019,252.23300970873785,77.1747572815534,0.12297734627831715,10630.42718446602,7.0,33.2,52.1,2.0,HARD,,,macro_lap,True,public_f1_macro_context
fastf1,2024,Monza,R,PIA,41.0,0.036,251.63666666666666,76.43666666666667,0.11666666666666667,10676.6,7.0,33.2,52.1,3.0,HARD,,,macro_lap,True,public_f1_macro_context
fastf1,2024,Monza,R,PIA,42.0,0.33,252.02547770700636,76.4140127388535,0.11146496815286625,10661.42356687898,7.0,33.2,52.1,4.0,HARD,,,macro_lap,True,public_f1_macro_context
fastf1,2024,Monza,R,PIA,43.0,0.08,251.86816720257235,75.02572347266882,0.12540192926045016,10678.652733118972,7.0,33.2,52.1,5.0,HARD,,,macro_lap,True,public_f1_macro_context
fastf1,2024,Monza,R,PIA,44.0,0.147,250.07142857142858,74.26298701298701,0.13636363636363635,10707.85064935065,7.0,33.2,52.1,6.0,HARD,,,macro_lap,True,public_f1_macro_context
fastf1,2024,Monza,R,PIA,45.0,0.08,249.58520900321543,74.95819935691318,0.12540192926045016,10685.163987138263,7.0,33.2,52.1,7.0,HARD,,,macro_lap,True,public_f1_macro_context
fastf1,2024,Monza,R,PIA,46.0,0.326,252.23432343234325,77.0957095709571,0.10891089108910891,10667.247524752474,7.0,33.2,52.1,8.0,HARD,,,macro_lap,True,public_f1_macro_context
fastf1,2024,Monza,R,PIA,47.0,0.228,251.57704918032786,77.68524590163935,0.10491803278688525,10649.95737704918,7.0,33.2,52.1,9.0,HARD,,,macro_lap,True,public_f1_macro_context
fastf1,2024,Monza,R,PIA,48.0,0.176,250.15131578947367,74.9342105263158,0.12828947368421054,10588.513157894737,7.0,33.2,52.1,10.0,HARD,,,macro_lap,True,public_f1_macro_context
fastf1,2024,Monza,R,PIA,49.0,0.131,246.7378640776699,75.99352750809061,0.1262135922330097,10639.977346278318,7.0,33.2,52.1,11.0,HARD,,,macro_lap,True,public_f1_macro_context
fastf1,2024,Monza,R,PIA,50.0,0.227,252.15032679738562,76.80718954248366,0.12091503267973856,10614.888888888889,7.0,33.2,52.1,12.0,HARD,,,macro_lap,True,public_f1_macro_context
fastf1,2024,Monza,R,PIA,51.0,0.04,250.16225165562915,76.00662251655629,0.12582781456953643,10595.884105960266,7.0,33.2,52.1,13.0,HARD,,,macro_lap,True,public_f1_macro_context
fastf1,2024,Monza,R,PIA,52.0,0.057,251.76699029126215,74.97734627831716,0.12944983818770225,10661.89644012945,7.0,33.2,52.1,14.0,HARD,,,macro_lap,True,public_f1_macro_context
fastf1,2024,Monza,R,PIA,53.0,0.149,252.94498381877023,75.19417475728156,0.12944983818770225,10704.478964401294,7.0,33.2,52.1,15.0,HARD,,,macro_lap,True,public_f1_macro_context
openf1,2024,Las Vegas,R,RUS,,0.0,144.0025957972806,43.821817058096414,12.395550061804697,6942.051823238566,3.0,,,,,,,macro_lap,True,public_f1_macro_context
openf1,2024,Las Vegas,R,VER,,0.0,143.75537700865266,41.1982694684796,14.466625463535228,6870.449381953028,3.0,,,,,,,macro_lap,True,public_f1_macro_context
openf1,2024,Monza,R,LEC,,0.0,151.18498870559245,59.144910671503865,23.933876377575466,7157.969881579848,5.0,,,,,,,macro_lap,True,public_f1_macro_context
openf1,2024,Monza,R,PIA,,0.0,152.29043740160176,45.76418646040112,9.225682798275036,6848.732459442809,5.0,,,,,,,macro_lap,True,public_f1_macro_context
