,count,mean,std,min,25%,50%,75%,max,unique_values
timestamp,51554.0,1778170266.8945282,231.89464226191976,1778169865.2202306,1778170066.0108225,1778170266.8957949,1778170467.734744,1778170668.5070071,51554
lap_progress,51554.0,0.0,0.0,0.0,0.0,0.0,0.0,0.0,1
speed_kmh,51554.0,156.88125360450007,50.901123704481336,1.1019383668899536,116.46800231933594,159.4858169555664,199.97458267211917,252.85159301757812,51435
rpms,51554.0,4930.808472669434,913.2758921461979,2144.0,4270.0,5073.0,5658.0,6573.0,4126
gear,51554.0,3.5637777863987274,1.1951608977356831,0.0,3.0,4.0,5.0,5.0,6
throttle,51554.0,0.6924338633300499,0.44808010044293034,0.0,0.0,1.0,1.0,1.0,162
brake,51554.0,0.10829463642090993,0.29998982038893324,0.0,0.0,0.0,0.0,1.0,3649
clutch,51554.0,0.9725998742710765,0.15380254259176032,0.0,1.0,1.0,1.0,1.0,410
steer_angle,51554.0,0.03132379522391171,0.27131749145704614,-0.8999999761581421,0.0,0.0,0.030452768318355024,0.8999999761581421,23478
g_lat,51554.0,-0.08449513056044615,0.8636290743840298,-2.1715590953826904,-0.5737593919038773,-0.035161711275577504,0.21415668725967402,6.889699935913086,51521
g_vert,51554.0,0.01904892558538219,0.13515713327835951,-1.0722806453704834,-0.04345964267849915,0.012081837281584702,0.07113873213529583,3.0746002197265625,51527
g_lon,51554.0,0.023768159326484004,0.6288258708410426,-2.363746166229248,-0.11570354551076888,0.2067587524652481,0.40338356047868723,1.09993314743042,51516
vel_x,51554.0,-0.016610725202564115,0.9581455440753438,-6.289671897888184,-0.1339912414550781,0.0085477828979492,0.2801170349121094,4.4093427658081055,50055
vel_y,51554.0,0.4049645839813714,0.1893418759853643,-0.7981131076812744,0.2895826175808906,0.3798186779022217,0.47190394997596735,1.3771750926971436,51376
vel_z,51554.0,43.56410696211148,14.143161860662172,0.3247711062431335,32.30878829956055,44.285091400146484,55.53805065155029,70.236328125,51437
slip_angle,51554.0,0.0008326424644736759,0.02608401437119607,-0.1830312479194069,-0.0030672788314808,0.00018869528967454998,0.00687238364498185,0.1232293840635024,51544
yaw_rate,51554.0,-0.03901119947342379,0.28266884225422023,-1.2092244625091553,-0.12771667912602425,-0.0032020779326557497,0.03608214296400545,1.4529527425765991,51544
pitch_rate,51554.0,-0.0044753191986519805,0.0441213091286899,-0.8090960383415222,-0.02043890068307515,-0.00290615251287815,0.013190674828365376,0.8575323224067688,51532
roll_rate,51554.0,0.00038985132094391536,0.06279025537222034,-0.9485000371932985,-0.025602210778743025,0.00143940327689045,0.026324852835386898,1.232017159461975,51532
heading,51554.0,0.3366179510953397,1.8834006770759057,-3.1413886547088623,-0.9440910667181015,0.3610084354877472,2.30800199508667,3.1412529945373535,51416
pitch,51554.0,-0.01207367801103247,0.0469827114376651,-0.0952203199267387,-0.055665725842118194,-0.00079397839726875,0.022314986679702928,0.1600097268819809,51500
roll,51554.0,-0.010465657734086243,0.029693669020908572,-0.0848271325230598,-0.033882168121635824,-0.01662615127861495,0.01661861641332505,0.0800713747739791,51522
susp_fl,51554.0,0.0604503574215071,0.007815920007598908,0.0248912312090396,0.054723355919122675,0.0608995016664266,0.06595028191804882,0.0966347008943557,51206
susp_fr,51554.0,0.05944861027460128,0.008580371731813488,0.0295847933739423,0.0529064424335956,0.0588042177259922,0.06521839275956147,0.0943634137511253,51247
susp_rl,51554.0,0.09303033689207713,0.008291221430512764,0.0591067038476467,0.08796647936105723,0.0938966497778892,0.0989190712571144,0.1528837084770202,50923
susp_rr,51554.0,0.09203212393333077,0.010104545929929924,0.0582562200725078,0.08511122129857535,0.0932415351271629,0.0989442318677902,0.1431966125965118,51008
load_fl,51554.0,3965.4663217870648,1587.1051360607858,0.0,2963.9299926757812,3992.3602294921875,5016.4429931640625,20278.9375,51084
load_fr,51554.0,3720.720403732791,1652.5944475901645,0.0,2649.1921997070312,3628.940185546875,4708.4786376953125,14037.078125,51237
load_rl,51554.0,4670.664769417811,1412.9420242663562,0.0,3837.451416015625,4866.867919921875,5646.828369140625,21492.880859375,51190
load_rr,51554.0,4481.255734810527,1650.2506444640019,0.0,3339.4498901367188,4677.584716796875,5577.7633056640625,15565.2060546875,51258
slip_fl,51554.0,0.4689918279267489,0.8749806209015324,0.0,0.06820630468428128,0.14556714147329325,0.510824665427208,104.78971862792967,51134
slip_fr,51554.0,0.47457136816001233,1.5283779814840999,0.0,0.0649350546300411,0.12262740358710285,0.5298654437065125,260.98553466796875,51259
slip_rl,51554.0,0.33300040753227383,0.3191631999366734,0.0,0.14868697524070734,0.2320856153964996,0.4296793714165687,6.802294731140137,51279
slip_rr,51554.0,0.35306702011656094,1.01334578396342,0.0,0.14623815938830373,0.22848342359066004,0.4404452219605446,204.50228881835935,51312
psi_fl,51554.0,23.886519399732403,1.7487683436609505,16.087932586669922,23.433993816375732,24.179553031921387,24.94264316558838,25.84475898742676,50070
psi_fr,51554.0,23.734903308674394,2.098712781783501,16.079240798950195,22.868507385253903,23.9378023147583,25.01493787765503,27.168771743774418,50781
psi_rl,51554.0,23.619637571970376,1.4542685649081017,16.084148406982422,23.666260719299316,23.894081115722656,24.274271488189697,25.04862594604492,49195
psi_rr,51554.0,23.594093886515758,1.5469623402605692,16.08645248413086,23.389183044433594,23.88034152984619,24.484396934509277,25.117942810058594,49773
tyre_core_fl,51554.0,75.29074721893726,10.92980234710885,26.549575805664062,72.46245765686035,77.1222038269043,81.89151954650879,87.52974700927734,50766
tyre_core_fr,51554.0,74.34314666197825,13.116955175709508,26.49525260925293,68.92817497253418,75.61126327514648,82.34336471557617,95.80482482910156,51130
tyre_core_rl,51554.0,73.62273575544921,9.089178688030202,26.52592658996582,73.91412925720215,75.33800888061523,77.71420288085938,82.55391693115234,50222
tyre_core_rr,51554.0,73.46308770708622,9.668514827204879,26.540328979492188,72.18239402770996,75.25213623046875,79.02748680114746,82.98713684082031,50559
temp_i_fl,51554.0,72.4258059806023,10.021135644384234,26.9596004486084,66.79308700561523,72.64291000366211,79.54137229919434,97.86952209472656,51158
temp_i_fr,51554.0,79.57874427600362,15.307195025042311,27.180683135986328,70.41812705993652,78.76493072509766,87.89963150024414,122.30203247070312,51306
temp_i_rl,51554.0,71.839318692557,6.644781924892807,27.5904541015625,70.2314510345459,72.12014389038086,75.22789192199707,83.19343566894531,50647
temp_i_rr,51554.0,76.18206633116334,8.233830546931898,27.842144012451172,72.7414722442627,76.42192840576172,81.76699256896973,89.78495788574219,50861
temp_m_fl,51554.0,76.10301649649547,10.969566114706073,26.992820739746097,69.8523120880127,76.42647933959961,83.87940406799316,104.3161849975586,51173
temp_m_fr,51554.0,75.02599426676795,13.947244362353263,26.92493057250977,66.78146362304688,74.54010772705078,82.75056076049805,113.21046447753906,51273
temp_m_rl,51554.0,73.38179378192827,7.005498972949275,27.5511474609375,71.85058784484863,73.73112487792969,76.86202239990234,85.12968444824219,50641
temp_m_rr,51554.0,73.28189954270438,8.004860219750885,27.595073699951172,70.09369850158691,73.52297973632812,78.70738220214844,86.48944091796875,50844
temp_o_fl,51554.0,80.96663515851824,11.89346845720707,27.26483154296875,74.05036735534668,81.06504821777344,89.28856086730957,112.97515106201172,51251
temp_o_fr,51554.0,71.71463833590727,12.633398237211713,26.901168823242188,64.23810768127441,71.43317413330078,78.58279991149902,105.53298950195312,51276
temp_o_rl,51554.0,76.26772089230569,7.207033902209434,27.81678771972656,74.57077598571777,76.68785858154297,79.96542358398438,88.23861694335938,50675
temp_o_rr,51554.0,71.73561651462423,7.645955658349292,27.659801483154297,68.45564270019531,71.92267990112305,76.96112632751465,84.76983642578125,50821
wear_fl,51554.0,99.73448214257351,0.17845209713188365,99.43087768554688,99.56633758544922,99.72606658935548,99.89754486083984,100.0,25534
wear_fr,51554.0,99.73508219961819,0.1777010680644053,99.4434814453125,99.5601978302002,99.73674774169922,99.89433860778809,100.0,24738
wear_rl,51554.0,99.77163585342151,0.15563158887140954,99.4981918334961,99.63707923889159,99.77262496948242,99.91316223144531,100.0,37103
wear_rr,51554.0,99.77124680846417,0.15794381803180274,99.49323272705078,99.63154029846191,99.76993560791016,99.91313552856445,100.0,35815
brake_temp_fl,51554.0,26.0,0.0,26.0,26.0,26.0,26.0,26.0,1
brake_temp_fr,51554.0,26.0,0.0,26.0,26.0,26.0,26.0,26.0,1
brake_temp_rl,51554.0,26.0,0.0,26.0,26.0,26.0,26.0,26.0,1
brake_temp_rr,51554.0,26.0,0.0,26.0,26.0,26.0,26.0,26.0,1
wheel_speed_fl,51554.0,124.6655291673395,41.12252343191689,0.0,91.79246139526367,126.02531433105469,159.40897369384766,202.64764404296875,51207
wheel_speed_fr,51554.0,124.3307897572665,41.528368639765795,0.0,91.32282066345215,125.79613876342773,159.48077392578125,202.66824340820312,51312
wheel_speed_rl,51554.0,124.01786801399925,39.654833552319126,-4.609272003173828,93.1047420501709,125.68928146362305,157.44837188720703,199.0552978515625,51450
wheel_speed_rr,51554.0,123.75090605414773,39.992018729969736,-4.609272003173828,92.61264610290527,125.64675903320312,157.55062866210938,199.0552978515625,51453
camber_fl,51554.0,-0.056110977249812594,0.016999474626456398,-0.283712089061737,-0.060934887267649104,-0.056224461644887855,-0.051734876818954875,0.2818851172924042,51342
camber_fr,51554.0,0.05420473199839109,0.0169165039681709,-0.283793032169342,0.05114528164267537,0.05593614652752869,0.06015757285058498,0.2837934494018554,51367
camber_rl,51554.0,-0.034065271823543325,0.015085849451301122,-0.2835796773433685,-0.040896638296544524,-0.0353356897830963,-0.0279652783647179,0.2837235033512115,51414
camber_rr,51554.0,0.03555767104913104,0.014427747497347907,-0.2837917506694793,0.031197984702885102,0.0369485337287187,0.0416896045207977,0.2837465703487396,51401
ride_height_f,51554.0,0.07170282989224722,0.008936328952245595,0.0124187469482421,0.0660557746887207,0.0720977783203125,0.0775942802429199,0.2139053344726562,22888
ride_height_r,51554.0,0.07616911649674495,0.010240838595222453,-0.0133600234985351,0.0691509246826171,0.0760478973388671,0.08221435546875,0.1833629608154297,24884
cg_height,51554.0,0.3779887334422782,0.008097347517870852,0.3397531509399414,0.37326204776763916,0.3788070678710937,0.3832168579101562,0.4679670333862304,22486
turbo_boost,51554.0,0.0,0.0,0.0,0.0,0.0,0.0,0.0,1
drs,51554.0,0.0,0.0,0.0,0.0,0.0,0.0,0.0,1
tc,51554.0,0.1000000014901161,0.0,0.1000000014901161,0.1000000014901161,0.1000000014901161,0.1000000014901161,0.1000000014901161,1
abs,51554.0,0.11999999731779092,1.3877922404448115e-17,0.1199999973177909,0.1199999973177909,0.1199999973177909,0.1199999973177909,0.1199999973177909,1
brake_bias,51554.0,0.6800000071525574,0.0,0.6800000071525574,0.6800000071525574,0.6800000071525574,0.6800000071525574,0.6800000071525574,1
air_temp,51554.0,26.0,0.0,26.0,26.0,26.0,26.0,26.0,1
road_temp,51554.0,34.0,0.0,34.0,34.0,34.0,34.0,34.0,1
water_temp,51554.0,0.0,0.0,0.0,0.0,0.0,0.0,0.0,1
fuel,51554.0,21.811341052161357,4.763688042233144,13.56661605834961,17.786546230316162,21.781508445739746,25.960608959197998,29.94074821472168,37490
pos_x,51554.0,309.50383321295254,366.02862518849264,-337.025909810524,16.49393796555764,221.4061081373465,641.0526368406676,937.2327041623104,51554
pos_z,51554.0,938.8178626387759,648.0717260976794,-266.47992962383836,286.207592418109,1135.1878854147042,1500.377587606099,1793.8376967636837,51554
